Attendee ID,Gender
1,Male
2,Male
3,Male
4,Male
5,Female
6,Male
7,Male
8,Male
9,Male
10,Female
11,Male
12,Male
13,Male
14,Male
15,Female
16,Male
17,Male
18,Male
19,Male
20,Female
21,Female
22,Female
23,Male
24,Male
25,Male
26,Male
27,Female
28,Male
29,Male
30,Male
31,Male
32,Female
33,Male
34,Male
35,Male
36,Female
37,Male
38,Male
39,Male
40,Male
41,Female
42,Female
43,Female
44,Male
45,Male
46,Male
47,Male
48,Female
49,Male
50,Male
51,Male
52,Male
53,Female
54,Male
55,Male
56,Male
57,Male
58,Female
59,Male
60,Male
61,Male
62,Male
63,Female
64,Female
65,Female
66,Male
67,Male
68,Male
69,Male
70,Female
71,Male
72,Male
73,Male
74,Male
75,Female
76,Male
77,Male
78,Male
79,Female
80,Male
81,Male
82,Male
83,Male
84,Female
85,Female
86,Female
87,Male
88,Male
89,Male
90,Male
91,Female
92,Male
93,Male
94,Male
95,Male
96,Female
97,Male
98,Male
99,Male
100,Male
101,Female
102,Male
103,Male
104,Male
105,Male
106,Female
107,Female
108,Female
109,Male
110,Male
111,Male
112,Male
113,Female
114,Male
115,Male
116,Male
117,Male
118,Female
119,Male
120,Male
121,Male
122,Female
123,Male
124,Male
125,Male
126,Male
127,Female
128,Female
129,Female
130,Male
131,Male
132,Male
133,Male
134,Female
135,Male
136,Male
137,Male
138,Male
139,Female
140,Male
141,Male